{"cameraMode":{"drawMode":0,"name":"Shaded","section":"Shading Mode"},"sceneLighting":true,"audioPlay":false,"sceneViewState":{"showFog":true,"showMaterialUpdate":false,"showSkybox":true,"showFlares":true,"showImageEffects":true,"showParticleSystems":true},"in2DMode":false,"pivot":{"x":-270.9814758300781,"y":47.83775329589844,"z":-45.32100296020508},"rotation":{"x":-0.17770443856716157,"y":-0.5133612155914307,"z":0.10957957804203034,"w":-0.8324543237686157},"size":48.65594482421875,"orthographic":false}
