{"cameraMode":{"drawMode":0,"name":"Shaded","section":"Shading Mode"},"sceneLighting":true,"audioPlay":false,"sceneViewState":{"showFog":true,"showMaterialUpdate":false,"showSkybox":true,"showFlares":true,"showImageEffects":true,"showParticleSystems":true},"in2DMode":false,"pivot":{"x":-217.22019958496095,"y":87.74207305908203,"z":356.6727600097656},"rotation":{"x":-0.22060208022594453,"y":0.25268056988716128,"z":-0.059117499738931659,"w":-0.9402958154678345},"size":129.04721069335938,"orthographic":false}