{"cameraMode":{"drawMode":0,"name":"Shaded","section":"Shading Mode"},"sceneLighting":true,"audioPlay":false,"sceneViewState":{"showFog":true,"showMaterialUpdate":false,"showSkybox":true,"showFlares":true,"showImageEffects":true,"showParticleSystems":true},"in2DMode":false,"pivot":{"x":70.95883178710938,"y":-4.610908508300781,"z":194.7706298828125},"rotation":{"x":0.08386339992284775,"y":0.41368699073791506,"z":-0.03849530592560768,"w":0.9058284759521484},"size":490.174560546875,"orthographic":false}