{"cameraMode":{"drawMode":0,"name":"Shaded","section":"Shading Mode"},"sceneLighting":true,"audioPlay":false,"sceneViewState":{"showFog":true,"showMaterialUpdate":false,"showSkybox":true,"showFlares":true,"showImageEffects":true,"showParticleSystems":true},"in2DMode":false,"pivot":{"x":-280.7836608886719,"y":54.46672821044922,"z":-40.565330505371097},"rotation":{"x":0.04402890056371689,"y":-0.1258430927991867,"z":0.005628157872706652,"w":0.9911234378814697},"size":14.95899486541748,"orthographic":false}