{"cameraMode":{"drawMode":0,"name":"Shaded","section":"Shading Mode"},"sceneLighting":true,"audioPlay":false,"sceneViewState":{"showFog":true,"showMaterialUpdate":false,"showSkybox":true,"showFlares":true,"showImageEffects":true,"showParticleSystems":true},"in2DMode":false,"pivot":{"x":-322.63018798828127,"y":79.88175964355469,"z":52.94063186645508},"rotation":{"x":-0.12102746963500977,"y":-0.1896704137325287,"z":-0.02353421226143837,"w":0.9741389155387878},"size":115.19493103027344,"orthographic":false}