{"cameraMode":{"drawMode":0,"name":"Shaded","section":"Shading Mode"},"sceneLighting":true,"audioPlay":false,"sceneViewState":{"showFog":true,"showMaterialUpdate":false,"showSkybox":true,"showFlares":true,"showImageEffects":true,"showParticleSystems":true},"in2DMode":false,"pivot":{"x":79.79208374023438,"y":-77.39837646484375,"z":187.1913299560547},"rotation":{"x":0.20212289690971375,"y":0.4910620450973511,"z":-0.1183234453201294,"w":0.8390846252441406},"size":580.7802124023438,"orthographic":false}