{"cameraMode":{"drawMode":0,"name":"Shaded","section":"Shading Mode"},"sceneLighting":true,"audioPlay":false,"sceneViewState":{"showFog":true,"showMaterialUpdate":false,"showSkybox":true,"showFlares":true,"showImageEffects":true,"showParticleSystems":true},"in2DMode":false,"pivot":{"x":-231.18885803222657,"y":62.6563720703125,"z":54.52743148803711},"rotation":{"x":-0.05729372799396515,"y":-0.5326095223426819,"z":0.036181870847940448,"w":-0.8437110185623169},"size":137.66763305664063,"orthographic":false}