{"cameraMode":{"drawMode":0,"name":"Shaded","section":"Shading Mode"},"sceneLighting":true,"audioPlay":false,"sceneViewState":{"showFog":true,"showMaterialUpdate":false,"showSkybox":true,"showFlares":true,"showImageEffects":true,"showParticleSystems":true},"in2DMode":false,"pivot":{"x":-285.73431396484377,"y":52.926265716552737,"z":-41.933780670166019},"rotation":{"x":-0.07680731266736984,"y":0.9162749648094177,"z":-0.2129051387310028,"w":-0.33052530884742739},"size":9.642230987548829,"orthographic":false}