{"cameraMode":{"drawMode":0,"name":"Shaded","section":"Shading Mode"},"sceneLighting":true,"audioPlay":false,"sceneViewState":{"showFog":true,"showMaterialUpdate":false,"showSkybox":true,"showFlares":true,"showImageEffects":true,"showParticleSystems":true},"in2DMode":false,"pivot":{"x":502.2756652832031,"y":448.48260498046877,"z":-636.5062255859375},"rotation":{"x":0.03538771718740463,"y":0.01919328235089779,"z":-0.0006432418012991548,"w":0.9992515444755554},"size":731.2066650390625,"orthographic":false}