{"cameraMode":{"drawMode":0,"name":"Shaded","section":"Shading Mode"},"sceneLighting":true,"audioPlay":false,"sceneViewState":{"showFog":true,"showMaterialUpdate":false,"showSkybox":true,"showFlares":true,"showImageEffects":true,"showParticleSystems":true},"in2DMode":false,"pivot":{"x":18.984031677246095,"y":22.677371978759767,"z":-14.530738830566407},"rotation":{"x":-0.056133393198251727,"y":-0.09272375702857971,"z":0.005213832948356867,"w":-0.9941722750663757},"size":125.107666015625,"orthographic":false}