{"cameraMode":{"drawMode":0,"name":"Shaded","section":"Shading Mode"},"sceneLighting":false,"audioPlay":false,"sceneViewState":{"showFog":true,"showMaterialUpdate":false,"showSkybox":true,"showFlares":true,"showImageEffects":true,"showParticleSystems":true},"in2DMode":false,"pivot":{"x":-284.38067626953127,"y":54.36625289916992,"z":-42.278541564941409},"rotation":{"x":-0.08261316269636154,"y":-0.463439404964447,"z":0.05220019444823265,"w":-0.8817644119262695},"size":16.804716110229493,"orthographic":true}