{"cameraMode":{"drawMode":0,"name":"Shaded","section":"Shading Mode"},"sceneLighting":false,"audioPlay":false,"sceneViewState":{"showFog":true,"showMaterialUpdate":false,"showSkybox":true,"showFlares":true,"showImageEffects":true,"showParticleSystems":true},"in2DMode":false,"pivot":{"x":-1.4750940799713135,"y":0.6600236892700195,"z":-2.237863540649414},"rotation":{"x":-0.02531421184539795,"y":0.9684613347053528,"z":-0.22197763621807099,"w":-0.11059829592704773},"size":16.30864715576172,"orthographic":false}