{"cameraMode":{"drawMode":0,"name":"Shaded","section":"Shading Mode"},"sceneLighting":false,"audioPlay":false,"sceneViewState":{"showFog":true,"showMaterialUpdate":false,"showSkybox":false,"showFlares":true,"showImageEffects":true,"showParticleSystems":true},"in2DMode":false,"pivot":{"x":-227.4794921875,"y":30.820556640625,"z":-52.78973388671875},"rotation":{"x":0.0068704672157764439,"y":-0.3981499671936035,"z":-0.0030092832166701557,"w":-0.9173327684402466},"size":5.048495769500732,"orthographic":true}