{"cameraMode":{"drawMode":0,"name":"Shaded","section":"Shading Mode"},"sceneLighting":false,"audioPlay":false,"sceneViewState":{"showFog":true,"showMaterialUpdate":false,"showSkybox":true,"showFlares":true,"showImageEffects":true,"showParticleSystems":true},"in2DMode":false,"pivot":{"x":-285.58935546875,"y":53.2314453125,"z":-45.970703125},"rotation":{"x":0.2946103513240814,"y":0.22250188887119294,"z":-0.06971129029989243,"w":0.9269696474075317},"size":13.912493705749512,"orthographic":true}