{"cameraMode":{"drawMode":0,"name":"Shaded","section":"Shading Mode"},"sceneLighting":false,"audioPlay":false,"sceneViewState":{"showFog":true,"showMaterialUpdate":false,"showSkybox":true,"showFlares":true,"showImageEffects":true,"showParticleSystems":true},"in2DMode":false,"pivot":{"x":-286.4931640625,"y":52.998291015625,"z":-42.871826171875},"rotation":{"x":-0.01615631766617298,"y":-0.21040108799934388,"z":0.01049945317208767,"w":-0.9783924221992493},"size":17.00849723815918,"orthographic":true}