{"cameraMode":{"drawMode":0,"name":"Shaded","section":"Shading Mode"},"sceneLighting":false,"audioPlay":false,"sceneViewState":{"showFog":true,"showMaterialUpdate":false,"showSkybox":true,"showFlares":true,"showImageEffects":true,"showParticleSystems":true},"in2DMode":false,"pivot":{"x":0.19355010986328126,"y":0.9918782711029053,"z":-0.7615771293640137},"rotation":{"x":-0.06107410788536072,"y":0.9226109385490418,"z":-0.16389597952365876,"w":-0.3438008725643158},"size":10.0,"orthographic":false}