{"cameraMode":{"drawMode":0,"name":"Shaded","section":"Shading Mode"},"sceneLighting":false,"audioPlay":false,"sceneViewState":{"showFog":true,"showMaterialUpdate":false,"showSkybox":true,"showFlares":true,"showImageEffects":true,"showParticleSystems":true},"in2DMode":false,"pivot":{"x":-285.310302734375,"y":52.7177734375,"z":-40.66796875},"rotation":{"x":-0.19384099543094636,"y":-0.47383907437324526,"z":0.10466749966144562,"w":-0.8531290888786316},"size":9.841219902038575,"orthographic":true}